{"route": [[11.15698, 79.06832], [11.15474, 79.07487], [11.15386, 79.07601], [11.15203, 79.07718], [11.15115, 79.07817], [11.1503, 79.08288], [11.1493, 79.08399], [11.14828, 79.08436], [11.13608, 79.08405], [11.12946, 79.08491], [11.12762, 79.08472], [11.12542, 79.08387], [11.12387, 79.08267], [11.12184, 79.07912], [11.12054, 79.07322], [11.11943, 79.07238], [11.11782, 79.07232]], "start_point": [11.156977, 79.068324], "end_point": [11.117824, 79.072322], "distance": 6361.8}