{"route": [[56.45251, 84.97523], [56.44864, 84.92286], [56.32007, 84.82617], [56.10888, 84.8901], [55.91456, 84.79042], [55.83494, 84.70101], [55.75217, 84.79114], [55.71745, 84.68381], [55.65761, 84.71329], [55.62684, 84.81414], [55.49677, 84.9607], [55.324, 85.61631], [55.23982, 85.74898], [55.25219, 85.8772], [55.21702, 86.06801], [55.23904, 86.19144], [55.1242, 86.2198], [54.96119, 86.33653], [54.85475, 86.28306], [54.80012, 86.20784], [54.69067, 86.26864], [54.6426, 86.25501], [54.47267, 86.40031], [54.2347, 86.51723], [54.17542, 86.63215], [54.12683, 86.65243], [54.05334, 86.80764], [53.7899, 86.90191], [53.7405, 87.06401], [53.78116, 87.25912], [53.76756, 87.39011], [53.80375, 87.47398], [53.71214, 87.80216]], "start_point": [56.452512, 84.975225], "end_point": [53.712143, 87.802156], "distance": 474459.2}